lang,service,city,description
en,"Web design","Lome","Polished, fast websites for Lome businesses — from brief to launch, with SEO baked in."
en,"Web design","Kara","A custom website for your Kara-based activity, built to convince and easy to grow."
en,"Web design","Sokode","Modern, fast websites for Sokode organizations, delivered turnkey."
en,"Web design","Atakpame","Your online presence in Atakpame: a professional website that builds trust from the first visit."
en,"Web design","Bassar","Robust, elegant websites for businesses growing in Bassar."
en,"Web design","Dapaong","A clear, effective website for institutions and shops in Dapaong."
en,"SEO services","Lome","Audit and improve your visibility in Lome search results — technical, content and links."
en,"SEO services","Kara","Structured SEO to get found in Kara: full audit, action plan and measurable follow-up."
en,"SEO services","Sokode","Find out exactly what holds your Sokode pages back — and fix it, methodically."
en,"SEO services","Atakpame","Rank your Atakpame business on the local searches that actually matter."
en,"E-commerce","Lome","Online stores built to sell in Lome, from catalog to mobile money checkout."
en,"E-commerce","Kara","Sell online from Kara with a fast, clear store shaped around your customers."
en,"E-commerce","Bassar","Open your digital shopfront in Bassar: catalog, orders and tracking included."
en,"Branding","Lome","Logos, brand guidelines and collateral for Lome-based brands."
en,"Branding","Kara","Build a recognizable brand in Kara: logo, colors, typography and usage rules."
en,"Branding","Dapaong","A consistent visual identity for Dapaong organizations, from print to web."
en,"Social media","Lome","Professional social media management in Lome — calendar, content, community."
en,"Social media","Kara","Hand over your Kara social accounts: regular posts and message replies."
en,"Web maintenance","Lome","Updates, backups and monitoring for your Lome website — it stays online, you stay calm."
en,"Web maintenance","Sokode","Your Sokode site in good hands: security, performance and fast fixes."
en,"Digital training","Lome","Hands-on training in Lome: office tools, social media and content creation."
en,"Digital training","Atakpame","Level up in Atakpame — tailored sessions for teams and freelancers."
en,"Mobile apps","Lome","Useful, lightweight mobile apps for innovative projects in Lome."
en,"Mobile apps","Kara","From idea to app store: let's build your Kara business mobile app together."
en,"Web design","Tsevie","A professional website for businesses and associations in Tsevie — clear, fast, well ranked."
en,"Web design","Kpalime","Put your Kpalime business on the map with a website that looks and feels like you."
en,"Web design","Aneho","A polished storefront site for shops and services in Aneho, ready to welcome clients."
en,"Web design","Mango","Showcase your Mango organization with a modern, accessible website."
en,"Web design","Niamtougou","Your digital front door in Niamtougou: a website that's simple to run and a pleasure to visit."
en,"SEO services","Tsevie","Show up in Tsevie local searches — technical SEO and content that targets real queries."
en,"SEO services","Kpalime","Be visible when people search for your services in Kpalime: audit, optimization, follow-up."
en,"SEO services","Aneho","Capture local searches in Aneho with structured, honest SEO work."
en,"SEO services","Mango","Grow your Mango business online presence, step by step."
en,"SEO services","Niamtougou","A concrete SEO plan for Niamtougou: right pages, right words, right links."
en,"Hosting & domain","Lome","Domain name, fast hosting and professional email for your Lome business — set up, secured, jargon-free."
en,"Hosting & domain","Kara","Get your Kara site online properly: domain, hosting and email included."
en,"Hosting & domain","Sokode","Reliable hosting for your Sokode website — backups, HTTPS and French-speaking support."
en,"Hosting & domain","Atakpame","Managed domain and hosting for Atakpame organizations — you focus on the work, we handle the rest."
